fold,n_train,n_test,cnn_time,cnn_acc,cnn_f1,fair_time,fair_acc,fair_f1,qnn_time,qnn_acc,qnn_f1,majority_baseline,random_baseline,class_a,class_b,repeat
0,200,86,1.8675611019134521,0.8953488372093024,0.8953346855983773,0.5953106880187988,0.6162790697674418,0.558974358974359,105.74833178520203,0.7209302325581395,0.7049742710120068,0.5232558139534884,0.5,aphanizomenon,leptodora,0
1,200,86,1.3274402618408203,0.8604651162790697,0.8585526315789473,0.6174993515014648,0.6046511627906976,0.5904761904761904,106.05771994590759,0.5348837209302325,0.3892045454545455,0.5232558139534884,0.5,aphanizomenon,leptodora,0
2,200,86,1.5157690048217773,0.8488372093023255,0.8440942685817878,0.3466522693634033,0.5232558139534884,0.3435114503816794,21.700393199920654,0.5232558139534884,0.3435114503816794,0.5232558139534884,0.5,aphanizomenon,leptodora,0
3,200,85,1.8042757511138916,0.9176470588235294,0.9176470588235294,0.5904476642608643,0.5294117647058824,0.3461538461538462,47.76674723625183,0.5411764705882353,0.37322745320476464,0.5294117647058824,0.5,aphanizomenon,leptodora,0
4,200,85,1.3991270065307617,0.9294117647058824,0.9286114221724524,0.5914640426635742,0.4823529411764706,0.4141604010025063,105.89227652549744,0.5411764705882353,0.37322745320476464,0.5294117647058824,0.5,aphanizomenon,leptodora,0
0,200,312,1.9596726894378662,0.967948717948718,0.9666310160427807,0.5931098461151123,0.6089743589743589,0.37848605577689237,105.9223644733429,0.7660256410256411,0.7059757561674607,0.6089743589743589,0.5,asplanchna,uroglena,0
1,200,312,1.8376703262329102,0.9807692307692307,0.9797499026437626,0.6141791343688965,0.6089743589743589,0.37848605577689237,105.64210081100464,0.6923076923076923,0.5748353395412219,0.6089743589743589,0.5,asplanchna,uroglena,0
2,200,312,2.1171538829803467,0.9839743589743589,0.9831502543663524,0.6033399105072021,0.6153846153846154,0.3961290322580645,105.87073159217834,0.6634615384615384,0.5089854464245568,0.6121794871794872,0.5,asplanchna,uroglena,0
3,200,312,1.4954400062561035,0.9583333333333334,0.9568946277698072,0.621382474899292,0.6153846153846154,0.4033275960986805,106.15330052375793,0.9230769230769231,0.9173692341646436,0.6121794871794872,0.5,asplanchna,uroglena,0
4,200,312,1.499112844467163,0.9487179487179487,0.9449128227764291,0.615389347076416,0.6121794871794872,0.3797216699801193,106.03996515274048,0.6410256410256411,0.45587044534412957,0.6121794871794872,0.5,asplanchna,uroglena,0
0,200,429,1.499032974243164,0.9184149184149184,0.9182710364310325,0.5816702842712402,0.6363636363636364,0.5937105390966488,105.99540710449219,0.745920745920746,0.7342234044367146,0.5081585081585082,0.5,asterionella,diaphanosoma,0
1,200,429,1.3049378395080566,0.8997668997668997,0.89950260681968,0.6089646816253662,0.5104895104895105,0.34217828144167295,105.95510196685791,0.5757575757575758,0.47623966942148765,0.5081585081585082,0.5,asterionella,diaphanosoma,0
2,200,429,1.9604723453521729,0.9347319347319347,0.934703196347032,0.5813114643096924,0.5757575757575758,0.49782608695652175,105.0336971282959,0.6386946386946387,0.5956300436022646,0.5081585081585082,0.5,asterionella,diaphanosoma,0
3,200,429,1.1346073150634766,0.9020979020979021,0.9019439244198703,0.6001584529876709,0.5361305361305362,0.41994333353716956,105.8785982131958,0.5897435897435898,0.5032631578947369,0.5081585081585082,0.5,asterionella,diaphanosoma,0
4,200,428,0.9718844890594482,0.897196261682243,0.8968154820610603,0.6106870174407959,0.5046728971962616,0.3395638629283489,105.87441062927246,0.6401869158878505,0.5913194444444444,0.5070093457943925,0.5,asterionella,diaphanosoma,0
0,200,360,1.2188003063201904,0.8361111111111111,0.828253996490689,0.722935676574707,0.5861111111111111,0.36952714535901926,106.15352487564087,0.5861111111111111,0.36952714535901926,0.5861111111111111,0.5,asterionella,rotifers,0
1,200,360,1.9747076034545898,0.8972222222222223,0.8945793859961536,0.5969679355621338,0.5833333333333334,0.368421052631579,105.80377507209778,0.5888888888888889,0.37684210526315787,0.5861111111111111,0.5,asterionella,rotifers,0
2,200,360,2.0229480266571045,0.9333333333333333,0.9302235430934229,0.3257923126220703,0.575,0.3650793650793651,21.42365026473999,0.5861111111111111,0.36952714535901926,0.5861111111111111,0.5,asterionella,rotifers,0
3,200,360,1.982703447341919,0.8888888888888888,0.8839869807611743,0.598954439163208,0.5861111111111111,0.36952714535901926,106.04336786270142,0.5972222222222222,0.40393948044533257,0.5861111111111111,0.5,asterionella,rotifers,0
4,200,359,1.9793062210083008,0.9108635097493036,0.9044513939716549,0.519251823425293,0.4373259052924791,0.33809784592917125,104.97602462768555,0.5877437325905293,0.3701754385964912,0.5877437325905293,0.5,asterionella,rotifers,0
0,200,402,1.9489178657531738,0.9925373134328358,0.9925128045941332,0.5869219303131104,0.5671641791044776,0.4949602888086643,106.14116883277893,0.9328358208955224,0.9328021396333648,0.5248756218905473,0.5,asterionella,uroglena,0
1,200,402,1.9753270149230957,0.9975124378109452,0.9975068685152224,0.5950984954833984,0.7562189054726368,0.7466820987654321,106.02685236930847,0.927860696517413,0.9276632974069732,0.5248756218905473,0.5,asterionella,uroglena,0
2,200,402,1.960766315460205,0.9925373134328358,0.9925128045941332,0.5763072967529297,0.7288557213930348,0.7247664930937232,105.53769397735596,0.8109452736318408,0.8000104733975701,0.5248756218905473,0.5,asterionella,uroglena,0
3,200,401,1.6581876277923584,0.9925187032418953,0.9925035986465349,0.6145648956298828,0.41895261845386533,0.2952548330404218,106.09367847442627,0.7032418952618454,0.6633746481655227,0.5261845386533666,0.5,asterionella,uroglena,0
4,200,401,1.9675180912017822,0.9800498753117207,0.9799590184417012,0.581195592880249,0.49875311720698257,0.37227124399342687,105.49747061729431,0.9251870324189526,0.9244726268206931,0.5261845386533666,0.5,asterionella,uroglena,0
0,173,44,1.3838393688201904,0.9545454545454546,0.9494252873563218,0.7559397220611572,0.6363636363636364,0.3888888888888889,93.33165264129639,0.8636363636363636,0.8362282878411911,0.6363636363636364,0.5,bosmina,brachionus,0
1,173,44,1.0449979305267334,0.9545454545454546,0.9494252873563218,0.6503880023956299,0.6363636363636364,0.3888888888888889,93.23393130302429,0.8863636363636364,0.8664238008500302,0.6363636363636364,0.5,bosmina,brachionus,0
2,174,43,1.6485381126403809,0.9534883720930233,0.9502314814814814,0.6448240280151367,0.6744186046511628,0.5081699346405228,93.26298213005066,0.7674418604651163,0.7243589743589745,0.627906976744186,0.5,bosmina,brachionus,0
3,174,43,1.113542079925537,0.9069767441860465,0.8940886699507389,0.6474683284759521,0.5348837209302325,0.34848484848484856,51.296223163604736,0.46511627906976744,0.4199413489736071,0.627906976744186,0.5,bosmina,brachionus,0
4,174,43,1.0926098823547363,0.9534883720930233,0.9488095238095238,0.5575027465820312,0.627906976744186,0.38571428571428573,93.0033848285675,0.813953488372093,0.7794871794871794,0.627906976744186,0.5,bosmina,brachionus,0
0,128,32,0.935100793838501,0.78125,0.7757757757757757,0.33540821075439453,0.40625,0.28888888888888886,14.101059198379517,0.5625,0.5465587044534412,0.5,0.5,bosmina,polyarthra,0
1,128,32,0.8807556629180908,0.90625,0.9054187192118226,0.35508084297180176,0.46875,0.3191489361702127,14.332055807113647,0.5,0.3333333333333333,0.5,0.5,bosmina,polyarthra,0
2,128,32,1.2559757232666016,0.84375,0.8398398398398398,0.36873841285705566,0.46875,0.3191489361702127,13.992662191390991,0.5,0.3333333333333333,0.5,0.5,bosmina,polyarthra,0
3,128,32,1.0553100109100342,0.875,0.8745098039215686,0.3589136600494385,0.5,0.3333333333333333,13.982712984085083,0.5,0.3333333333333333,0.5,0.5,bosmina,polyarthra,0
4,128,32,0.9391858577728271,0.96875,0.9687194525904204,0.35570287704467773,0.5,0.3333333333333333,14.001455068588257,0.5,0.3333333333333333,0.5,0.5,bosmina,polyarthra,0
0,200,56,1.9643828868865967,0.8571428571428571,0.8571428571428571,0.31438183784484863,0.5714285714285714,0.47500000000000003,21.687777757644653,0.5,0.4555555555555556,0.5,0.5,brachionus,synchaeta,0
1,200,56,1.9770488739013672,0.9107142857142857,0.910457307323313,0.340864896774292,0.6071428571428571,0.5354449472096531,105.40781855583191,0.6607142857142857,0.6606060606060606,0.5,0.5,brachionus,synchaeta,0
2,200,56,1.886716604232788,0.9464285714285714,0.9459980713596914,0.594728946685791,0.48214285714285715,0.3974025974025974,105.95300793647766,0.5178571428571429,0.42002301495972383,0.5178571428571429,0.5,brachionus,synchaeta,0
3,200,56,1.984891414642334,0.8928571428571429,0.8916129032258064,0.4191892147064209,0.48214285714285715,0.3253012048192771,21.63612723350525,0.48214285714285715,0.3253012048192771,0.5178571428571429,0.5,brachionus,synchaeta,0
4,200,55,1.988368272781372,0.9272727272727272,0.9272486772486772,0.6027097702026367,0.509090909090909,0.3373493975903614,21.31483244895935,0.4909090909090909,0.3292682926829268,0.509090909090909,0.5,brachionus,synchaeta,0
0,200,336,1.945742130279541,0.9642857142857143,0.9642844488537717,0.32343006134033203,0.5386904761904762,0.45893719806763283,26.754714250564575,0.5059523809523809,0.4956597222222222,0.5148809523809523,0.5,ceratium,cyclops,0
1,200,336,1.9809696674346924,0.9523809523809523,0.9522981366459627,0.5571770668029785,0.5148809523809523,0.3398821218074656,105.71008515357971,0.5089285714285714,0.3478184149540626,0.5148809523809523,0.5,ceratium,cyclops,0
2,200,336,1.9699749946594238,0.9464285714285714,0.9463068181818182,0.580000638961792,0.625,0.606951871657754,105.96928834915161,0.49107142857142855,0.33939637826961766,0.5148809523809523,0.5,ceratium,cyclops,0
3,200,336,1.973386287689209,0.9761904761904762,0.9761219486195502,0.31499385833740234,0.4851190476190476,0.32665330661322645,21.3662269115448,0.4851190476190476,0.32665330661322645,0.5148809523809523,0.5,ceratium,cyclops,0
4,200,336,1.9899888038635254,0.9613095238095238,0.9612515191569012,0.340106725692749,0.5178571428571429,0.34117647058823536,21.571046352386475,0.4851190476190476,0.3316700201207244,0.5178571428571429,0.5,ceratium,cyclops,0
0,200,197,1.9486923217773438,0.8883248730964467,0.8627786220871327,0.6272530555725098,0.7309644670050761,0.4222873900293255,105.9811007976532,0.7309644670050761,0.45645270446145036,0.7309644670050761,0.5,conochilus,daphnia,0
1,200,197,1.9872970581054688,0.8527918781725888,0.7824861983628404,0.6127843856811523,0.7309644670050761,0.4222873900293255,105.5241265296936,0.7309644670050761,0.4222873900293255,0.7309644670050761,0.5,conochilus,daphnia,0
2,200,197,1.9839434623718262,0.8477157360406091,0.8015713134568896,0.5896828174591064,0.700507614213198,0.42780485403436225,106.05097103118896,0.7309644670050761,0.4222873900293255,0.7309644670050761,0.5,conochilus,daphnia,0
3,200,197,1.9990134239196777,0.8781725888324873,0.8412570507655117,0.6240739822387695,0.6040609137055838,0.429367201426025,105.75968861579895,0.7309644670050761,0.4222873900293255,0.7309644670050761,0.5,conochilus,daphnia,0
4,200,197,1.5556199550628662,0.8477157360406091,0.7934144295302012,0.6068410873413086,0.7360406091370558,0.42397660818713445,106.5611777305603,0.7411167512690355,0.44408786587727545,0.7360406091370558,0.5,conochilus,daphnia,0
0,200,114,1.9655728340148926,1.0,1.0,0.5920369625091553,0.5526315789473685,0.3889647924330005,105.57731580734253,0.7807017543859649,0.7793263646922183,0.5350877192982456,0.5,conochilus,fragilaria,0
1,200,114,1.6522951126098633,0.956140350877193,0.9561099561099562,0.5973443984985352,0.543859649122807,0.3690932311621966,105.72891521453857,0.5526315789473685,0.42927260233631104,0.5350877192982456,0.5,conochilus,fragilaria,0
2,200,114,1.4602856636047363,0.9473684210526315,0.9473035439137134,0.6230425834655762,0.5614035087719298,0.4345238095238094,105.81200337409973,0.6842105263157895,0.6668831168831169,0.5350877192982456,0.5,conochilus,fragilaria,0
3,200,114,1.98209810256958,0.9736842105263158,0.973633490093285,0.5871901512145996,0.47368421052631576,0.44480519480519487,105.76762366294861,0.6929824561403509,0.6842105263157894,0.5350877192982456,0.5,conochilus,fragilaria,0
4,200,114,1.6440203189849854,0.956140350877193,0.9555624853823965,0.3385026454925537,0.543859649122807,0.3522727272727273,105.31541657447815,0.543859649122807,0.3522727272727273,0.543859649122807,0.5,conochilus,fragilaria,0
0,200,76,2.1346170902252197,0.9736842105263158,0.968013468013468,0.49695825576782227,0.6973684210526315,0.4108527131782946,106.02840328216553,0.6973684210526315,0.4108527131782946,0.6973684210526315,0.5,conochilus,keratella_cochlearis,0
1,200,75,1.9150006771087646,0.9866666666666667,0.9841269841269842,0.5882971286773682,0.7066666666666667,0.4140625,106.1951551437378,0.7066666666666667,0.4140625,0.7066666666666667,0.5,conochilus,keratella_cochlearis,0
2,200,75,1.8884406089782715,0.9866666666666667,0.9841269841269842,0.6131579875946045,0.7066666666666667,0.4140625,105.91850304603577,0.7066666666666667,0.4140625,0.7066666666666667,0.5,conochilus,keratella_cochlearis,0
3,200,75,2.0001049041748047,0.9866666666666667,0.9841269841269842,0.6121349334716797,0.7066666666666667,0.4140625,105.96824955940247,0.7066666666666667,0.4140625,0.7066666666666667,0.5,conochilus,keratella_cochlearis,0
4,200,75,1.3096704483032227,0.9866666666666667,0.9841269841269842,0.5921893119812012,0.6266666666666667,0.6064467766116941,105.83926677703857,0.6933333333333334,0.4094488188976378,0.6933333333333334,0.5,conochilus,keratella_cochlearis,0
0,200,104,1.958712100982666,0.9807692307692307,0.9807407407407407,0.597996711730957,0.5,0.3333333333333333,21.425847053527832,0.6730769230769231,0.6605222734254993,0.5096153846153846,0.5,conochilus,trichocerca,0
1,200,104,2.0318143367767334,0.9615384615384616,0.9615242323344433,0.3156471252441406,0.4519230769230769,0.3622377622377623,21.504066228866577,0.5,0.3646616541353383,0.5096153846153846,0.5,conochilus,trichocerca,0
2,200,104,1.8144009113311768,0.9519230769230769,0.951811694930961,0.3228566646575928,0.5673076923076923,0.4780863164938106,105.71544981002808,0.5096153846153846,0.3375796178343949,0.5096153846153846,0.5,conochilus,trichocerca,0
3,200,104,1.9755609035491943,0.9711538461538461,0.9711298232627,0.5782904624938965,0.5096153846153846,0.3375796178343949,21.346755027770996,0.5096153846153846,0.3375796178343949,0.5096153846153846,0.5,conochilus,trichocerca,0
4,200,103,1.1430037021636963,0.9805825242718447,0.980566037735849,0.599694013595581,0.4854368932038835,0.32679738562091504,21.36737895011902,0.4854368932038835,0.326797385620915,0.5048543689320388,0.5,conochilus,trichocerca,0
0,200,277,1.2088074684143066,0.8158844765342961,0.8074422408505417,0.5791530609130859,0.628158844765343,0.3858093126385809,106.0907199382782,0.628158844765343,0.3858093126385809,0.628158844765343,0.5,cyclops,kellicottia,0
1,200,277,1.9881751537322998,0.8411552346570397,0.834635840659937,0.6072878837585449,0.6245487364620939,0.3844444444444444,106.31088137626648,0.6209386281588448,0.3830734966592428,0.6245487364620939,0.5,cyclops,kellicottia,0
2,200,277,1.9786961078643799,0.8375451263537906,0.8325159556600604,0.5780055522918701,0.6245487364620939,0.3844444444444444,105.45848298072815,0.6245487364620939,0.3844444444444444,0.6245487364620939,0.5,cyclops,kellicottia,0
3,200,277,1.996626377105713,0.8628158844765343,0.8519633213321331,0.6184630393981934,0.6245487364620939,0.3844444444444444,106.06902527809143,0.6245487364620939,0.3844444444444444,0.6245487364620939,0.5,cyclops,kellicottia,0
4,200,277,1.2376062870025635,0.7906137184115524,0.7799419241726935,0.6193718910217285,0.5812274368231047,0.44028706800445927,105.54940533638,0.6245487364620939,0.3844444444444444,0.6245487364620939,0.5,cyclops,kellicottia,0
0,200,248,1.4523475170135498,0.8508064516129032,0.8481171894397087,0.5796651840209961,0.5846774193548387,0.36895674300254455,105.97902917861938,0.5846774193548387,0.36895674300254455,0.5846774193548387,0.5,daphnia,kellicottia,0
1,200,248,1.9797120094299316,0.9193548387096774,0.9178100351295818,0.6031231880187988,0.5725806451612904,0.36410256410256414,105.76691484451294,0.5806451612903226,0.3673469387755102,0.5806451612903226,0.5,daphnia,kellicottia,0
2,200,248,1.9847290515899658,0.9153225806451613,0.9143068696009872,0.6128091812133789,0.5806451612903226,0.3673469387755102,105.46066308021545,0.5806451612903226,0.3673469387755102,0.5806451612903226,0.5,daphnia,kellicottia,0
3,200,248,1.9895198345184326,0.9193548387096774,0.9159379025150838,0.6239821910858154,0.5806451612903226,0.3673469387755102,105.46318769454956,0.5806451612903226,0.3673469387755102,0.5806451612903226,0.5,daphnia,kellicottia,0
4,200,248,1.998556137084961,0.9112903225806451,0.9099729390799286,0.6067297458648682,0.49193548387096775,0.47383309759547376,105.71211242675781,0.5806451612903226,0.3673469387755102,0.5806451612903226,0.5,daphnia,kellicottia,0
0,200,293,1.707322120666504,0.9453924914675768,0.9453765846383296,0.5962693691253662,0.5563139931740614,0.4454635453063126,105.76355838775635,0.8839590443686007,0.88356708742403,0.5051194539249146,0.5,daphnia,rotifers,0
1,200,293,1.982532262802124,0.9658703071672355,0.9658667287977634,0.6209983825683594,0.6040955631399317,0.5226940793169307,105.82838296890259,0.8156996587030717,0.8084503631961258,0.5085324232081911,0.5,daphnia,rotifers,0
2,200,293,1.9883110523223877,0.9863481228668942,0.9863403263403263,0.5923607349395752,0.856655290102389,0.8560499719258843,105.78887033462524,0.8737201365187713,0.8727178800793679,0.5085324232081911,0.5,daphnia,rotifers,0
3,200,293,1.9814386367797852,0.9658703071672355,0.9658029878618113,0.5986595153808594,0.43686006825938567,0.43517577371981353,105.2665958404541,0.6348122866894198,0.5844522499834317,0.5085324232081911,0.5,daphnia,rotifers,0
4,200,293,1.4748432636260986,0.9761092150170648,0.9761092150170648,0.5835690498352051,0.6006825938566553,0.5169308814204185,105.74650740623474,0.8703071672354948,0.8688389407218924,0.5085324232081911,0.5,daphnia,rotifers,0
0,200,966,0.890897274017334,0.6884057971014492,0.407725321888412,0.6007544994354248,0.6884057971014492,0.407725321888412,105.94523215293884,0.6884057971014492,0.407725321888412,0.6884057971014492,0.5,dinobryon,nauplius,0
1,200,966,2.0031795501708984,0.7929606625258799,0.7429757343550447,0.6009383201599121,0.6873706004140787,0.4073619631901841,105.98646545410156,0.6873706004140787,0.4073619631901841,0.6873706004140787,0.5,dinobryon,nauplius,0
2,200,966,2.006967782974243,0.8457556935817805,0.8007764974566595,0.5936310291290283,0.6873706004140787,0.4073619631901841,105.68067455291748,0.6873706004140787,0.4073619631901841,0.6873706004140787,0.5,dinobryon,nauplius,0
3,200,965,1.986814260482788,0.7844559585492228,0.7147631931970624,0.5865921974182129,0.6880829015544041,0.40761203192142414,105.77261161804199,0.6880829015544041,0.40761203192142414,0.6880829015544041,0.5,dinobryon,nauplius,0
4,200,965,1.999025583267212,0.7917098445595855,0.7144302075465865,0.6140096187591553,0.3015544041450777,0.30092305972587663,106.34657621383667,0.6880829015544041,0.40761203192142414,0.6880829015544041,0.5,dinobryon,nauplius,0
0,200,212,1.5497500896453857,0.8679245283018868,0.8674999999999999,0.5829706192016602,0.5330188679245284,0.4908667491448948,105.80891537666321,0.5141509433962265,0.34808180325421706,0.5094339622641509,0.5,eudiaptomus,kellicottia,0
1,200,211,1.3971240520477295,0.8578199052132701,0.8577911574406902,0.6035702228546143,0.5781990521327014,0.5462365591397849,105.78493404388428,0.5260663507109005,0.39228110599078336,0.5118483412322274,0.5,eudiaptomus,kellicottia,0
2,200,211,1.8311820030212402,0.8672985781990521,0.8672955974842766,0.611738920211792,0.5497630331753555,0.48264292166731193,105.45154929161072,0.5355450236966824,0.45982236154649947,0.5071090047393365,0.5,eudiaptomus,kellicottia,0
3,200,211,1.900251865386963,0.8815165876777251,0.8814739916863275,0.6048166751861572,0.5071090047393365,0.33647798742138363,21.27989625930786,0.4976303317535545,0.3322784810126582,0.5071090047393365,0.5,eudiaptomus,kellicottia,0
4,200,211,1.977318525314331,0.8957345971563981,0.8955445544554456,0.3665916919708252,0.4976303317535545,0.3404694503420618,21.387102365493774,0.5071090047393365,0.33647798742138363,0.5071090047393365,0.5,eudiaptomus,kellicottia,0
0,200,298,1.2957289218902588,0.9966442953020134,0.9963620826466459,0.5748882293701172,0.6375838926174496,0.38934426229508196,105.77842473983765,0.9563758389261745,0.9514408553629401,0.6375838926174496,0.5,eudiaptomus,uroglena,0
1,200,298,1.238281011581421,0.9932885906040269,0.9927673413911946,0.6194593906402588,0.6375838926174496,0.38934426229508196,105.68036127090454,0.9429530201342282,0.9358758528157158,0.6375838926174496,0.5,eudiaptomus,uroglena,0
2,200,298,1.5597553253173828,0.9899328859060402,0.9889948913645596,0.5864875316619873,0.7684563758389261,0.6884687059679104,105.65101385116577,0.9798657718120806,0.9778449643140364,0.6409395973154363,0.5,eudiaptomus,uroglena,0
3,200,298,1.3319532871246338,0.9966442953020134,0.9963470991309038,0.6164288520812988,0.6442953020134228,0.40912832023943135,106.25070810317993,0.9865771812080537,0.9854186035132357,0.6409395973154363,0.5,eudiaptomus,uroglena,0
4,200,298,1.387890100479126,0.9899328859060402,0.9891297739625258,0.5931260585784912,0.6409395973154363,0.3905930470347649,105.64883852005005,0.9093959731543624,0.8948001516676909,0.6409395973154363,0.5,eudiaptomus,uroglena,0
0,200,84,1.979877233505249,0.8095238095238095,0.7666666666666666,0.6008977890014648,0.7380952380952381,0.4246575342465754,105.68365621566772,0.7380952380952381,0.4246575342465754,0.7380952380952381,0.5,fragilaria,keratella_cochlearis,0
1,200,84,0.8164761066436768,0.7261904761904762,0.42068965517241375,0.6125471591949463,0.7261904761904762,0.42068965517241375,105.56176114082336,0.7261904761904762,0.42068965517241375,0.7261904761904762,0.5,fragilaria,keratella_cochlearis,0
2,200,84,1.6594035625457764,0.8333333333333334,0.7777777777777777,0.5936522483825684,0.7261904761904762,0.42068965517241375,106.12244582176208,0.7261904761904762,0.42068965517241375,0.7261904761904762,0.5,fragilaria,keratella_cochlearis,0
3,200,83,0.8894863128662109,0.7349397590361446,0.4236111111111111,0.47405505180358887,0.7349397590361446,0.4236111111111111,108.5695526599884,0.7349397590361446,0.4236111111111111,0.7349397590361446,0.5,fragilaria,keratella_cochlearis,0
4,200,83,1.166666030883789,0.7349397590361446,0.5741604477611939,0.6455175876617432,0.3132530120481928,0.3132530120481927,108.4084837436676,0.7349397590361446,0.4236111111111111,0.7349397590361446,0.5,fragilaria,keratella_cochlearis,0
0,200,169,1.995880126953125,0.8224852071005917,0.8219803370786517,0.32288575172424316,0.5207100591715976,0.39921000658327843,108.61308670043945,0.591715976331361,0.5233599019006745,0.5029585798816568,0.5,keratella_quadrata,paradileptus,0
1,200,169,1.5004844665527344,0.8047337278106509,0.8046242774566473,0.83396315574646,0.48520710059171596,0.3630929174788824,108.54861998558044,0.5798816568047337,0.4867177139923857,0.5029585798816568,0.5,keratella_quadrata,paradileptus,0
2,200,169,1.4235811233520508,0.7988165680473372,0.7988095238095239,0.6304264068603516,0.5857988165680473,0.5189492517891997,108.64344048500061,0.6568047337278107,0.635342261904762,0.5029585798816568,0.5,keratella_quadrata,paradileptus,0
3,200,169,1.6684441566467285,0.8520710059171598,0.8519880889823086,0.8261041641235352,0.5502958579881657,0.44000697593303106,108.38866686820984,0.591715976331361,0.507163687080005,0.5029585798816568,0.5,keratella_quadrata,paradileptus,0
4,200,168,1.3385963439941406,0.7916666666666666,0.7913043478260869,0.6273131370544434,0.5,0.3333333333333333,108.40800142288208,0.625,0.5680528914826757,0.5,0.5,keratella_quadrata,paradileptus,0
0,200,233,1.9830601215362549,0.8068669527896996,0.790018624957443,0.8312606811523438,0.6394849785407726,0.3900523560209424,108.90284895896912,0.6394849785407726,0.3900523560209424,0.6394849785407726,0.5,keratella_quadrata,rotifers,0
1,200,233,2.0063929557800293,0.8283261802575107,0.809640522875817,0.6243212223052979,0.6394849785407726,0.3900523560209424,108.91890859603882,0.6394849785407726,0.3900523560209424,0.6394849785407726,0.5,keratella_quadrata,rotifers,0
2,200,233,1.8531908988952637,0.8454935622317596,0.8286764705882353,0.6395697593688965,0.6394849785407726,0.3900523560209424,108.53642892837524,0.6394849785407726,0.3900523560209424,0.6394849785407726,0.5,keratella_quadrata,rotifers,0
3,200,233,1.991882562637329,0.871244635193133,0.8514788373278939,0.6248960494995117,0.6008583690987125,0.41220670012206695,108.72418975830078,0.6394849785407726,0.3900523560209424,0.6394849785407726,0.5,keratella_quadrata,rotifers,0
4,200,232,1.5049500465393066,0.8189655172413793,0.8008339465293108,0.6250870227813721,0.6379310344827587,0.38947368421052636,108.74853181838989,0.6379310344827587,0.38947368421052636,0.6379310344827587,0.5,keratella_quadrata,rotifers,0
0,200,275,1.3955724239349365,0.9672727272727273,0.9601891618008975,0.6055645942687988,0.6945454545454546,0.40987124463519314,108.39559531211853,0.6981818181818182,0.422517394054396,0.6945454545454546,0.5,keratella_quadrata,uroglena,0
1,200,275,2.0021026134490967,0.9854545454545455,0.9828596360009972,0.6334702968597412,0.6945454545454546,0.40987124463519314,108.62437343597412,0.6945454545454546,0.40987124463519314,0.6945454545454546,0.5,keratella_quadrata,uroglena,0
2,200,275,1.4946198463439941,0.9745454545454545,0.9701035891223656,0.6081650257110596,0.6945454545454546,0.40987124463519314,108.87512755393982,0.6945454545454546,0.40987124463519314,0.6945454545454546,0.5,keratella_quadrata,uroglena,0
3,200,274,1.9182169437408447,0.9817518248175182,0.9784682603297343,0.6275081634521484,0.7007299270072993,0.4449604743083003,108.54318165779114,0.8175182481751825,0.7332554517133956,0.6934306569343066,0.5,keratella_quadrata,uroglena,0
4,200,274,1.4042716026306152,0.9708029197080292,0.9646907216494846,0.6090810298919678,0.6934306569343066,0.40948275862068967,108.75210881233215,0.6934306569343066,0.40948275862068967,0.6934306569343066,0.5,keratella_quadrata,uroglena,0
0,200,126,2.0048859119415283,0.9047619047619048,0.8901162790697674,0.6294012069702148,0.6984126984126984,0.4768356643356644,108.61283421516418,0.6746031746031746,0.4028436018957346,0.6746031746031746,0.5,leptodora,paradileptus,0
1,200,126,1.9064130783081055,0.9126984126984127,0.8971428571428571,0.6061289310455322,0.6746031746031746,0.4028436018957346,108.91382145881653,0.6746031746031746,0.4028436018957346,0.6746031746031746,0.5,leptodora,paradileptus,0
2,200,125,1.0749716758728027,0.864,0.8466921578529687,0.6423068046569824,0.832,0.7934534581792431,108.58544778823853,0.672,0.4019138755980861,0.672,0.5,leptodora,paradileptus,0
3,200,125,1.9875402450561523,0.92,0.9040233415233414,0.6076421737670898,0.776,0.705981182795699,108.79803538322449,0.68,0.40476190476190477,0.68,0.5,leptodora,paradileptus,0
4,200,125,1.97414231300354,0.944,0.9333333333333333,0.8734710216522217,0.68,0.40476190476190477,108.4608986377716,0.68,0.40476190476190477,0.68,0.5,leptodora,paradileptus,0
0,200,575,2.0038673877716064,0.8539130434782609,0.8538595599448116,0.6361980438232422,0.6417391304347826,0.6344857805865508,108.72218799591064,0.5339130434782609,0.3643158867401492,0.5252173913043479,0.5,maybe_cyano,nauplius,0
1,200,574,2.0087172985076904,0.8867595818815331,0.8866353706151344,0.3289151191711426,0.5313588850174216,0.3600202265539837,97.48850154876709,0.5261324041811847,0.34804322771384183,0.524390243902439,0.5,maybe_cyano,nauplius,0
2,200,574,1.9840023517608643,0.9041811846689896,0.9041157050396202,0.6137208938598633,0.6376306620209059,0.6370975586032488,108.7898817062378,0.5400696864111498,0.3881782945736434,0.524390243902439,0.5,maybe_cyano,nauplius,0
3,200,574,2.007075548171997,0.8275261324041812,0.822455923291061,0.5178585052490234,0.47560975609756095,0.32519382115726364,108.99248123168945,0.5261324041811847,0.3512830740593006,0.524390243902439,0.5,maybe_cyano,nauplius,0
4,200,574,2.0011279582977295,0.8658536585365854,0.8657619870554683,0.6196660995483398,0.5296167247386759,0.3528370275100637,108.65047907829285,0.5278745644599303,0.3488058608058608,0.5261324041811847,0.5,maybe_cyano,nauplius,0
